Cycle #,Module,Adsorption (min),Evacuation (min),Preheating (min),NCGs Purging (min),NCGs Purging/Heating (min),Heating/CO2 Purging (min),CO2 Purging (min),Cooling (min),Total Cycle (min)
726,N3-M1n3,61.8,1.8,1.8,7.2,,37.8,10.8,1.8,85.2
725,N3-M2n4,61.8,0.6,1.2,5.4,,31.8,12.6,4.8,86.4
724,N3-M1n3,61.2,1.8,1.8,6.0,,31.2,12.0,4.2,87.0
723,N3-M2n4,61.2,11.4,11.4,10.2,12.0,18.0,10.8,4.2,109.2
722,N3-M1n3,76.2,1.8,2.4,6.6,,30.0,9.6,10.2,106.8
721,N3-M1n3,,1.8,3.0,6.0,,28.2,11.4,57.0,79.2
720,N3-M1n3,61.2,1.8,1.8,10.2,18.0,3.0,16.2,0.0,91.2
719,N3-M2n4,61.2,1.8,1.8,10.2,35.4,,12.0,13.2,100.2
718,N3-M1n3,61.8,1.8,1.2,10.2,14.4,18.6,13.8,7.8,96.6
717,N3-M2n4,61.8,1.8,1.8,5.4,,36.0,10.2,3.6,84.6
716,N3-M1n3,61.2,1.8,1.8,6.6,,28.8,15.6,3.6,90.6
715,N3-M2n4,61.8,1.2,1.2,10.2,21.6,0.6,12.0,4.8,91.2
714,N3-M1n3,61.2,1.8,1.8,6.6,,30.0,16.2,3.6,91.2
713,N3-M2n4,61.8,1.8,1.8,10.2,16.8,4.2,9.6,6.0,91.2
712,N3-M1n3,61.2,1.8,1.8,6.6,,33.6,18.6,0.6,90.6
711,N3-M2n4,61.8,1.8,1.8,10.2,11.4,7.8,12.0,4.2,91.8
710,N3-M1n3,60.0,4.2,0.6,6.6,,26.4,19.2,1.8,92.4
709,N3-M2n4,61.8,1.8,1.8,9.6,,9.6,7.8,8.4,91.2
708,N3-M1n3,61.2,1.8,1.8,9.6,,33.0,15.0,2.4,91.8
707,N3-M2n4,61.8,1.2,1.2,10.2,16.2,8.4,12.0,7.8,94.2
706,N3-M1n3,61.2,1.2,1.8,9.6,,27.0,18.0,7.8,99.6
705,N3-M2n4,61.8,1.8,1.8,10.2,16.2,,10.8,9.6,96.0
704,N3-M1n3,60.6,1.2,1.8,8.4,,28.2,13.8,7.8,93.6
703,N3-M2n4,61.8,1.2,1.8,9.6,,,11.4,12.0,97.8
702,N3-M1n3,61.8,1.2,,7.8,,23.4,16.2,10.2,97.2
701,N3-M2n4,61.8,1.8,1.8,10.2,15.0,4.2,10.2,15.0,100.8
700,N3-M1n3,61.2,1.8,1.8,6.6,,27.6,12.0,7.8,91.2
699,N3-M2n4,61.8,1.2,1.2,10.2,15.6,1.8,12.0,7.8,94.2
698,N3-M1n3,61.2,1.8,1.8,8.4,,31.8,14.4,3.6,91.2
697,N3-M2n4,61.8,1.2,1.2,10.2,17.4,7.8,12.0,7.8,94.2
696,N3-M1n3,61.2,1.8,1.8,9.6,,39.6,16.8,7.8,99.0
695,N3-M2n4,61.8,1.2,1.8,10.2,18.6,7.2,12.0,7.2,94.2
694,N3-M1n3,61.2,1.8,1.8,7.2,,27.6,15.6,6.0,93.6
693,N3-M2n4,61.8,1.2,1.2,10.2,13.8,21.0,12.0,7.8,94.2
692,N3-M1n3,61.2,1.8,1.8,6.0,,33.6,13.8,1.8,86.4
691,N3-M2n4,61.8,1.2,1.2,10.2,14.4,11.4,12.0,7.8,94.2
690,N3-M1n3,61.2,1.8,1.8,9.6,,30.0,15.6,4.2,94.2
689,N3-M2n4,61.8,1.2,1.2,9.6,,14.4,12.0,7.8,93.6
688,N3-M1n3,61.8,1.8,1.8,7.8,,22.8,17.4,7.8,98.4
687,N3-M2n4,61.8,1.8,1.8,10.2,18.6,4.8,9.6,9.6,94.8
686,N3-M1n3,61.2,1.2,1.2,10.2,0.0,21.0,13.8,10.2,97.8
685,N3-M2n4,61.8,1.8,1.8,10.2,13.8,1.2,12.0,12.6,100.2
684,N3-M1n3,61.2,1.2,1.2,10.2,12.0,13.2,12.0,12.6,98.4
683,N3-M2n4,61.8,1.8,1.8,10.2,20.4,,11.4,14.4,101.4
682,N3-M1n3,61.2,1.2,1.2,9.0,,22.8,12.6,13.8,99.0
681,N3-M2n4,61.8,1.8,1.8,10.2,13.2,2.4,12.0,16.2,103.8
680,N3-M1n3,61.2,1.2,1.2,7.8,,24.0,12.0,13.2,96.6
679,N3-M2n4,61.2,1.8,1.8,10.2,13.8,4.8,12.0,7.8,94.8
678,N3-M1n3,60.6,1.8,1.8,9.0,,25.8,13.2,3.0,89.4
677,N3-M2n4,61.8,1.2,1.2,10.2,15.6,11.4,12.0,7.8,94.2
676,N3-M1n3,66.0,1.8,1.8,9.0,,35.4,16.2,7.8,102.6
675,N3-M2n4,61.8,1.2,1.2,9.6,,14.4,12.0,15.0,100.8
674,N3-M1n3,61.2,1.8,1.8,9.6,,33.0,13.8,3.0,91.2
673,N3-M2n4,61.8,1.2,1.2,10.2,17.4,15.0,12.0,7.8,94.2
672,N3-M1n3,61.2,1.8,1.8,8.4,,36.0,12.6,1.2,87.0
671,N3-M2n4,61.8,1.2,1.2,10.2,15.0,11.4,12.0,7.8,94.2
670,N3-M1n3,62.4,1.8,1.8,8.4,,30.0,15.6,7.8,97.8
669,N3-M2n4,61.8,1.2,1.2,10.2,18.0,10.8,12.0,7.8,94.2
668,N3-M1n3,61.2,1.2,1.8,7.2,,33.0,13.8,3.0,88.2
667,N3-M2n4,61.8,1.2,1.2,10.2,22.2,,10.2,10.8,95.4
666,N3-M1n3,61.2,1.2,1.8,10.2,18.0,21.6,14.4,10.2,99.0
665,N3-M2n4,61.2,1.2,3.6,10.2,16.2,,3.6,21.0,100.8
664,N3-M1n3,61.2,1.2,8.4,10.2,16.2,9.6,16.2,13.8,111.0
663,N3-M2n4,61.8,1.8,1.2,10.2,18.0,,5.4,39.6,120.0
662,N3-M1n3,61.2,1.2,4.2,10.2,0.0,4.2,12.0,16.8,105.6
661,N3-M2n4,61.8,1.8,1.2,10.2,0.0,,10.8,22.2,108.0
660,N3-M1n3,61.8,1.2,4.8,7.8,,17.4,10.2,17.4,103.2
659,N3-M2n4,61.2,1.8,4.2,10.2,13.8,6.0,10.2,13.8,101.4
658,N3-M1n3,61.2,1.2,1.2,10.2,14.4,6.6,11.4,7.8,93.0
657,N3-M2n4,61.2,1.2,1.2,8.4,,27.0,14.4,4.8,91.2
656,N3-M1n3,61.2,1.8,1.8,9.6,,31.2,14.4,7.8,96.6
655,N3-M2n4,61.8,1.2,1.2,10.2,22.2,,11.4,7.8,93.6
654,N3-M1n3,61.8,1.8,1.8,9.6,,28.8,14.4,7.2,96.6
653,N3-M2n4,61.2,1.8,1.8,10.2,16.2,10.8,12.0,7.8,94.8
652,N3-M1n3,61.8,1.2,1.8,10.2,21.0,7.2,12.0,7.8,94.8
651,N3-M2n4,61.2,1.8,1.8,9.6,,15.6,12.0,6.6,93.0
650,N3-M1n3,61.2,1.2,1.2,6.6,,26.4,12.0,7.8,90.0
649,N3-M2n4,61.8,1.2,1.8,9.6,,8.4,14.4,7.8,96.6
648,N3-M1n3,61.2,1.2,1.8,8.4,,32.4,15.0,7.8,95.4
647,N3-M2n4,61.8,1.8,1.8,10.2,15.6,11.4,12.0,7.8,95.4
646,N3-M1n3,61.2,1.2,1.8,9.0,,27.6,14.4,7.8,95.4
645,N3-M2n4,61.8,1.2,1.8,10.2,19.2,,11.4,9.6,96.0
644,N3-M1n3,61.2,1.2,1.8,8.4,,25.8,14.4,9.0,96.0
643,N3-M2n4,67.8,1.8,1.8,10.2,16.2,,9.6,24.6,115.8
642,N3-M1n3,61.8,1.2,1.2,6.0,,58.2,12.0,3.6,85.8
641,N3-M2n4,63.0,1.8,1.2,10.2,16.8,4.8,14.4,13.2,103.8
640,N3-M1n3,61.2,1.8,1.2,7.2,,21.0,12.0,13.2,96.6
639,N3-M2n4,61.8,1.8,1.8,10.2,18.6,,11.4,10.8,97.8
638,N3-M1n3,61.2,1.8,1.8,7.8,,27.0,17.4,5.4,95.4
637,N2N3-M2n4,70.8,0.0,1.8,10.2,,,19.2,6.0,108.0
636,N3-M1n3,62.4,1.8,1.8,9.6,,39.6,15.0,1.2,91.8
635,N2-M2n4,61.2,0.6,2.4,7.8,,39.6,10.8,2.4,85.2
634,N2-M2n4,61.2,0.6,2.4,9.0,,39.6,10.2,7.8,91.2
633,N2-M2n4,60.0,0.6,1.2,6.6,,34.2,10.2,7.2,85.8
632,N2-M2n4,60.0,1.2,1.8,10.2,27.6,12.0,10.2,5.4,88.8
631,N2-M2n4,60.0,0.6,1.2,7.8,,28.8,10.2,4.8,84.6
630,N2-M2n4,60.0,3.0,3.0,6.0,,37.2,10.2,6.0,88.2
629,N2-M2n4,,0.6,0.6,4.8,,31.2,10.2,6.6,22.8
628,N2-M2n4,,1.8,3.0,6.6,,49.2,0.6,7.8,19.8
627,N2-M2n4,72.0,0.6,1.8,5.4,,103.8,0.0,16.8,96.6
626,N2-M2n4,72.0,0.6,2.4,7.2,,28.8,10.2,7.8,100.2
625,N2-M2n4,70.2,0.6,1.8,6.6,,39.6,10.8,5.4,95.4
624,N2-M2n4,70.2,0.6,2.4,7.8,,39.6,10.8,7.2,99.0
623,N2-M2n4,70.2,0.6,1.2,7.2,,39.6,11.4,2.4,93.0
622,N2-M2n4,70.2,0.6,1.8,7.8,,39.6,10.2,1.8,92.4
621,N2-M2n4,70.8,0.6,1.2,7.2,,32.4,10.2,5.4,95.4
620,N2-M2n4,70.8,0.6,2.4,9.0,,39.6,10.2,3.6,96.6
619,N2-M2n4,70.8,0.6,1.2,7.8,,39.0,10.2,5.4,96.0
618,N2-M2n4,70.8,0.6,9.0,10.2,21.6,6.6,10.2,3.6,104.4
617,N2-M2n4,71.4,1.2,1.8,6.0,,30.0,10.2,7.8,98.4
616,N2-M2n4,71.4,1.2,1.8,9.0,,21.0,28.8,7.8,120.0
615,N2-M2n4,73.2,0.6,1.8,10.2,28.8,4.8,10.2,9.6,105.6
614,N2-M2n4,73.2,1.2,2.4,9.6,,24.6,10.2,10.8,107.4
613,N2N3-M1n3,72.0,3.0,3.0,9.0,,33.6,31.2,15.0,133.2
612,N2-M2n4,,0.6,1.2,9.6,,,8.4,7.8,27.6
611,N3-M2n4,72.0,1.2,1.8,8.4,,24.6,12.0,0.6,96.0
610,N2N3-M1n3,71.4,3.0,3.0,9.6,,39.6,36.6,7.8,131.4
609,N3-M2n4,72.0,1.2,1.2,10.2,17.4,12.0,12.0,7.8,104.4
608,N2N3-M1n3,71.4,3.0,3.0,9.0,,39.6,30.0,7.8,124.2
607,N3-M2n4,72.0,1.2,1.2,8.4,,31.2,7.2,7.8,97.8
606,N2N3-M1n3,71.4,2.4,2.4,8.4,,36.0,30.0,7.8,122.4
605,N3-M2n4,72.0,1.2,1.2,10.2,14.4,11.4,10.2,9.6,104.4
604,N2N3-M1n3,71.4,3.0,2.4,8.4,,33.0,33.6,7.8,126.6
603,N3-M2n4,72.0,1.2,1.2,9.0,,19.8,12.0,7.8,103.2
602,N2N3-M1n3,71.4,2.4,2.4,10.2,12.6,21.0,28.2,12.6,127.2
601,N1N2N3-M2n4,71.4,0.6,1.2,0.0,,,10.2,11.4,94.8
600,N2N3-M1n3,71.4,1.8,1.8,9.6,,28.8,28.8,21.6,135.0
599,N2N3-M2n4,72.6,0.6,1.8,9.6,,27.0,2.4,15.0,102.0
598,N2N3-M1n3,73.2,3.0,3.0,8.4,,29.4,31.2,33.0,151.8
597,N3-M2n4,72.0,1.8,1.8,10.2,12.0,7.8,12.0,10.2,108.0
596,N2-M1n3,73.2,1.2,0.6,10.2,39.0,0.6,12.6,7.2,105.0
595,N3-M2n4,72.0,1.2,4.8,10.2,22.8,6.0,15.6,0.6,104.4
594,N1N2N3-M1n3,70.8,4.2,3.6,10.2,36.0,41.4,56.4,7.8,153.0
593,N3-M2n4,72.0,1.2,5.4,9.0,,26.4,12.0,7.8,107.4
592,N1N2N3-M1n3,71.4,4.2,4.2,10.2,31.2,37.8,56.4,12.6,159.0
591,N3-M2n4,71.4,1.2,3.6,7.8,,22.2,8.4,6.6,99.0
590,N1N2N3-M1n3,71.4,3.6,3.6,10.2,29.4,39.0,53.4,16.8,159.0
589,N3-M2n4,,1.2,1.8,10.2,17.4,7.2,12.6,7.8,33.6
588,N1N2N3-M1n3,71.4,3.6,3.6,9.6,,30.0,57.0,11.4,156.6
587,N3-M2n4,71.4,1.2,2.4,10.2,16.2,3.6,12.0,9.6,106.8
586,N1N2N3-M1n3,73.8,3.6,11.4,10.2,22.8,30.0,49.8,25.8,174.6
585,N3-M2n4,72.0,4.2,4.2,10.2,5.4,,22.8,7.2,120.6
584,N1N2N3-M1n3,77.4,4.2,14.4,10.2,12.0,31.2,46.2,15.6,168.0
583,N1N2N3-M1n3,71.4,4.2,6.0,10.2,28.8,11.4,69.6,3.0,164.4
582,N3-M2n4,72.0,1.2,3.6,7.2,,23.4,12.0,7.8,103.8
581,N1N2N3-M1n3,71.4,3.6,6.0,10.2,28.8,11.4,60.6,7.8,159.6
580,N3-M2n4,72.0,1.2,19.8,10.2,17.4,5.4,12.0,7.8,123.0
579,N1N2N3-M1n3,74.4,4.2,4.2,10.2,28.2,12.6,75.6,7.8,176.4
578,N3-M2n4,72.0,1.2,3.6,7.8,,19.2,12.0,7.8,104.4
577,N1N2N3-M1n3,71.4,3.6,3.6,10.2,15.0,33.6,57.0,16.2,162.0
576,N3-M2n4,72.0,1.2,6.0,10.2,15.0,3.6,22.8,0.6,112.8
575,N1N2N3-M1n3,71.4,3.6,3.6,10.2,28.2,72.0,54.6,53.4,196.8
574,N3-M2n4,72.0,1.8,1.8,7.2,,18.0,12.0,13.8,108.6
573,N1N2N3-M1n3,71.4,4.2,1.2,10.2,25.8,17.4,52.8,34.2,174.0
572,N3-M2n4,72.0,1.8,3.6,9.6,,,10.2,7.8,105.0
571,N1N2N3-M1n3,71.4,4.2,4.2,10.2,19.2,6.0,39.0,17.4,146.4
570,N3-M2n4,72.0,1.2,1.2,9.6,,,10.8,7.8,102.6
569,N1N2N3-M1n3,71.4,4.2,5.4,10.2,51.6,,9.0,36.0,136.2
568,N3-M2n4,71.4,1.8,6.6,10.2,27.6,1.8,12.0,7.8,109.8
567,N3-M2n4,72.0,1.2,2.4,10.2,21.6,,11.4,1.2,98.4
566,N1N2N3-M1n3,71.4,3.6,8.4,10.2,56.4,15.0,1.8,114.6,210.0
565,N3-M2n4,71.4,1.2,3.6,8.4,,25.2,12.0,7.8,104.4
564,N1N2N3-M1n3,71.4,3.6,10.2,10.2,29.4,31.8,50.4,52.2,198.0
563,N2-M2n4,64.2,0.6,2.4,10.2,0.0,,,40.2,117.6
562,N1N2N3-M1n3,71.4,3.6,3.6,10.2,14.4,24.0,57.0,57.6,203.4
561,N2-M2n4,,1.2,2.4,4.2,,24.0,16.2,36.0,60.0
560,N1N2N3-M1n3,71.4,1.2,8.4,10.2,40.8,,52.2,14.4,157.8
559,N3-M2n4,,1.8,3.6,7.8,,27.6,12.0,6.6,31.8
558,N3-M2n4,72.0,1.2,,10.2,13.2,9.0,12.0,7.8,103.2
557,N1N2N3-M1n3,71.4,4.2,,10.2,16.2,13.2,50.4,30.6,166.8
556,N3-M2n4,73.2,1.8,1.8,9.0,,25.2,12.0,9.0,106.8
555,N1N2N3-M1n3,74.4,4.2,,9.6,,32.4,55.2,49.8,193.2
554,N3-M2n4,72.6,1.2,1.2,10.2,20.4,19.2,10.2,7.8,103.2
553,N1N2N3-M1n3,71.4,4.2,4.2,10.2,26.4,20.4,54.0,2.4,146.4
552,N3-M2n4,72.0,1.2,1.2,10.2,23.4,13.2,12.0,7.8,104.4
551,N1N2N3-M1n3,71.4,4.2,4.2,10.2,21.0,15.0,51.0,18.0,159.0
550,N3-M2n4,72.0,1.2,1.2,10.2,24.0,15.0,12.0,7.8,104.4
549,N1N2N3-M1n3,71.4,4.2,4.2,9.6,,14.4,51.6,16.8,157.8
548,N3-M2n4,,1.2,1.2,10.2,18.6,18.0,12.0,7.8,32.4
547,N1N2N3-M1n3,71.4,1.2,1.2,10.2,21.6,18.6,51.6,34.8,170.4
546,N3-M2n4,71.4,1.2,1.2,10.2,17.4,15.6,12.0,7.8,103.8
545,N1N2N3-M1n3,71.4,4.2,4.2,10.2,0.6,35.4,68.4,7.8,166.2
544,N3-M2n4,71.4,0.6,1.2,6.6,,29.4,10.2,2.4,92.4
543,N3-M2n4,71.4,0.6,1.8,10.2,18.6,21.0,20.4,2.4,106.8
542,N1N2N3-M1n3,71.4,3.6,3.6,9.6,,27.6,57.0,11.4,156.6
541,N3-M2n4,,1.8,,9.6,,4.8,12.0,7.8,31.2
540,N1N2N3-M1n3,71.4,15.0,6.0,9.6,,57.6,49.2,12.6,163.8
539,N3-M2n4,72.0,1.2,1.2,10.2,22.8,9.6,12.0,7.8,104.4
538,N1N2N3-M1n3,71.4,4.2,4.2,9.6,,36.0,49.2,25.8,164.4
537,N3-M2n4,71.4,1.2,1.2,10.2,21.6,7.8,12.0,7.8,103.8
536,N1N2N3-M1n3,78.0,4.2,3.6,9.6,,32.4,51.6,15.0,162.0
535,N3-M2n4,72.0,1.2,1.2,10.2,21.0,12.0,12.0,0.6,97.2
534,N1N2N3-M1n3,71.4,3.6,3.6,9.6,,30.6,51.6,21.6,161.4
533,N3-M2n4,72.0,1.2,1.2,10.2,19.8,6.0,12.0,7.8,104.4
532,N1N2N3-M1n3,72.0,7.8,7.8,9.6,,33.0,51.6,21.6,170.4
531,N3-M2n4,,1.8,1.8,10.2,13.2,9.0,12.0,2.4,28.2
530,N1N2N3-M1n3,71.4,3.6,4.2,9.0,,36.0,224.4,57.0,369.6
529,N3-M2n4,72.0,1.8,1.8,9.0,,23.4,12.0,7.8,104.4
528,N1N2N3-M1n3,,4.2,4.2,9.0,,39.0,51.0,22.2,90.6
527,N3-M2n4,72.0,1.2,1.2,10.2,12.0,,,10.8,95.4
526,N1N2N3-M1n3,71.4,4.2,4.2,9.0,,36.0,52.2,13.8,154.8
525,N3-M2n4,72.0,1.2,1.2,10.2,18.6,3.6,12.0,7.8,104.4
524,N1N2N3-M1n3,71.4,3.6,4.2,8.4,,33.6,52.2,13.8,153.6
523,N3-M2n4,72.0,1.2,1.2,9.0,,18.6,12.0,7.8,103.2
522,N1N2N3-M1n3,71.4,4.2,4.2,9.0,,34.8,50.4,16.2,155.4
521,N3-M2n4,72.0,1.2,1.2,9.6,,21.0,12.0,7.8,103.8
520,N1N2N3-M1n3,71.4,4.2,4.2,9.6,,32.4,50.4,21.6,161.4
519,N3-M2n4,72.0,1.2,1.2,9.6,,19.8,12.0,13.2,109.2
518,N1N2N3-M1n3,71.4,0.0,3.6,10.2,16.2,12.6,51.0,34.8,171.0
517,N3-M2n4,72.0,1.8,1.8,10.2,12.6,6.0,12.0,13.2,111.0
516,N1N2N3-M1n3,71.4,3.6,4.2,10.2,14.4,13.8,49.8,36.6,175.8
515,N3-M2n4,72.0,1.8,1.8,10.2,15.0,7.2,12.0,7.8,105.6
514,N1N2N3-M1n3,71.4,4.2,9.6,9.0,,32.4,52.2,24.6,171.0
513,N3-M2n4,76.8,1.2,1.2,10.2,24.0,,,0.6,90.0
512,N1N2N3-M1n3,71.4,0.0,6.0,9.0,,38.4,51.6,13.8,151.8
511,N3-M2n4,72.0,1.2,1.2,10.2,16.8,14.4,12.0,7.8,104.4
510,N1N2N3-M1n3,71.4,4.2,3.6,9.0,,33.6,55.8,7.8,151.8
509,N3-M2n4,72.0,1.2,1.2,10.2,19.2,10.2,12.0,7.8,104.4
508,N1N2N3-M1n3,71.4,9.6,1.2,9.0,,33.0,52.8,18.0,162.0
507,N3-M2n4,72.0,1.2,1.2,10.2,18.0,9.6,12.0,7.8,104.4
506,N1N2N3-M1n3,71.4,3.6,3.6,9.0,,32.4,49.2,19.2,156.0
505,N3-M2n4,71.4,1.2,1.2,10.2,15.0,8.4,12.0,7.8,103.8
504,N1N2N3-M1n3,71.4,3.6,3.6,9.6,,25.8,54.0,31.2,173.4
503,N3-M2n4,72.0,1.8,1.8,9.6,,,10.8,1.2,97.2
502,N1N2N3-M1n3,71.4,4.2,4.2,10.2,0.0,23.4,51.6,45.6,187.2
501,N3-M2n4,72.0,1.8,1.8,10.2,10.2,9.0,12.0,12.0,109.8
500,N1N2N3-M1n3,72.6,3.6,3.6,10.2,28.8,10.8,41.4,33.6,165.0
499,N3-M2n4,72.0,1.2,1.8,10.2,0.6,23.4,13.8,7.8,106.8
498,N1N2N3-M1n3,71.4,6.0,2.4,9.0,,31.8,51.0,15.6,155.4
497,N3-M2n4,72.0,1.2,1.2,10.2,16.2,7.8,12.0,7.8,104.4
496,N1N2N3-M1n3,70.8,3.6,3.6,9.0,,31.2,46.2,16.8,150.0
495,N3-M2n4,72.0,1.2,1.8,10.2,0.0,23.4,12.0,7.8,105.0
494,N1N2N3-M1n3,71.4,3.6,3.6,9.0,,26.4,53.4,15.6,156.6
493,N3-M2n4,72.0,1.2,1.8,7.2,,20.4,12.0,7.8,102.0
492,N1N2N3-M1n3,71.4,3.6,3.6,9.0,,33.0,51.0,7.8,146.4
491,N3-M2n4,72.0,1.2,1.8,7.2,,21.0,12.0,10.2,104.4
490,N1N2N3-M1n3,71.4,3.6,3.6,9.0,,27.0,49.2,15.0,151.8
489,N2N3-M2n4,72.0,1.2,,6.6,,16.8,12.0,13.8,105.6
488,N1N2N3-M1n3,71.4,3.6,,9.6,,24.0,49.2,29.4,163.2
487,N3-M2n4,61.2,1.8,1.8,6.0,,15.6,12.0,7.8,90.6
486,N1N2N3-M1n3,71.4,3.6,3.6,9.6,,27.0,60.0,23.4,171.6
485,N2-M2n4,74.4,0.6,,9.6,,12.0,11.4,10.2,106.2
484,N3-M2n4,63.6,1.2,1.8,6.6,,16.2,12.0,7.8,93.0
483,N1N2N3-M1n3,71.4,3.6,,9.6,,31.2,46.8,13.2,144.6
482,N2-M2n4,61.2,1.2,1.2,10.2,28.2,12.0,12.0,7.8,93.6
481,N1N2N3-M1n3,71.4,3.6,3.6,9.6,,30.0,111.6,48.6,248.4
480,N2-M2n4,62.4,0.6,1.8,10.2,18.0,17.4,16.8,7.8,99.6
479,N1N2N3-M1n3,71.4,3.6,3.6,9.6,,29.4,54.0,18.0,160.2
478,N2-M2n4,61.2,1.2,2.4,10.2,27.6,12.0,12.0,7.8,94.8
477,N1N2N3-M1n3,76.2,3.6,3.6,9.6,,30.0,148.2,103.8,345.0
476,N2-M2n4,,1.2,1.8,10.2,0.6,34.2,12.0,4.2,29.4
475,N3-M2n4,,0.6,3.0,4.8,,0.0,42.6,9.0,60.0
474,N1N2N3-M1n3,72.0,4.2,3.6,9.6,,90.6,9.0,30.6,129.0
473,N2-M2n4,,0.0,0.6,0.6,,15.6,4.8,18.0,24.0
472,N1N2N3-M1n3,63.0,4.2,3.6,9.6,,34.2,40.8,36.0,157.2
471,N1N2-M1n3,71.4,2.4,2.4,10.2,19.2,4.8,21.0,15.6,123.0
470,N1N2-M1n3,71.4,0.6,2.4,10.2,18.0,1.8,20.4,16.2,121.2
469,N1N2-M1n3,71.4,2.4,2.4,10.2,18.6,,13.8,24.6,124.8
468,N1N2-M1n3,71.4,2.4,2.4,9.6,,4.2,21.0,16.8,123.6
467,N1N2-M1n3,73.8,0.0,0.0,10.2,21.0,,19.2,24.6,127.8
466,N1N2N3-M1n3,70.8,0.6,0.6,10.2,14.4,10.2,75.6,43.8,201.6
465,N2-M2n4,61.2,1.2,2.4,10.2,15.6,4.8,12.0,21.0,108.0
464,N1N2N3-M1n3,73.2,4.2,1.2,9.6,,27.0,40.2,25.8,154.2
463,N2-M2n4,,1.2,1.8,10.2,18.0,10.8,22.2,4.2,39.6
462,N1N2-M1n3,61.2,2.4,,10.2,19.2,2.4,25.2,10.2,109.2
461,N1N2-M1n3,61.2,2.4,,10.2,18.6,3.6,25.8,10.2,109.8
460,N1N2-M1n3,61.2,2.4,,10.2,0.0,20.4,24.0,13.2,111.0
459,N1N2-M1n3,61.2,2.4,,9.6,,19.8,24.0,14.4,111.6
458,N1N2-M1n3,61.2,2.4,,9.6,,19.8,22.2,18.0,113.4
457,N1N2-M1n3,61.2,2.4,,9.6,,19.2,24.6,16.2,114.0
456,N1N2N3-M1n3,71.4,3.6,3.6,8.4,,23.4,26.4,36.0,149.4
455,N3-M1n3,70.2,1.2,1.8,7.8,,,58.2,13.8,153.0
454,N3-M1n3,70.8,3.0,6.0,9.0,,7.2,37.8,10.2,136.8
453,N1N2-M1n3,61.2,2.4,,10.2,19.2,1.8,21.0,16.2,111.0
452,N1N2-M1n3,77.4,9.0,2.4,10.2,16.8,18.6,24.6,12.6,136.2
451,N1N2-M1n3,61.2,2.4,,10.2,0.6,17.4,24.6,30.6,129.0
450,N1N2-M1n3,61.2,3.0,,10.2,21.0,,21.0,37.2,132.6
449,N1N2-M1n3,61.2,3.0,,10.2,12.0,,,82.8,157.2
448,N1N2-M1n3,61.2,2.4,,10.2,3.0,13.8,9.6,224.4,307.8
447,N1N2-M1n3,61.2,2.4,,10.2,3.6,25.8,16.8,38.4,129.0
446,N1N2-M1n3,61.2,2.4,,10.2,22.2,0.6,29.4,9.6,112.8
445,N1N2-M1n3,61.2,2.4,,10.2,19.2,7.2,18.6,12.0,104.4
444,N1N2-M1n3,61.2,2.4,,10.2,20.4,3.6,15.6,15.0,104.4
443,N1N2-M1n3,61.2,2.4,,10.2,18.0,3.0,21.6,15.0,110.4
442,N1N2-M1n3,61.2,2.4,,10.2,22.2,1.8,19.2,16.2,109.2
441,N1N2-M1n3,61.2,2.4,,10.2,44.4,0.0,12.6,20.4,106.8
440,N1N2-M1n3,61.2,2.4,,10.2,16.8,0.0,37.8,33.6,145.2
439,N1N2-M1n3,62.4,2.4,,10.2,15.6,,,74.4,149.4
438,N1N2-M1n3,67.2,3.0,,10.2,21.0,,,39.0,119.4
437,N1N2N3-M1n3,70.8,4.2,3.0,10.2,19.8,16.2,10.8,31.2,130.2
436,N1N2N3-M1n3,61.8,4.8,1.8,10.2,34.8,17.4,12.6,22.8,114.0
435,N1N2-M1n3,61.2,2.4,,10.2,34.2,4.8,16.2,26.4,116.4
434,N1N2-M1n3,67.2,2.4,,10.2,40.8,1.8,13.8,25.8,119.4
433,N2-M1n3,67.2,1.2,1.2,10.2,24.6,,,19.8,99.6
432,N1N2-M1n3,75.0,2.4,2.4,10.2,18.6,,10.8,27.0,127.8
431,N1N2-M1n3,63.6,0.0,15.6,10.2,24.6,,,29.4,118.8
430,N1N2-M1n3,,3.0,1.8,10.2,17.4,,,64.8,79.8
429,N1N2N3-M1n3,70.8,4.8,4.2,10.2,30.0,,,70.2,160.2
428,N1N2N3-M1n3,70.2,4.2,1.8,10.2,54.6,,,103.2,189.6
427,N1N2N3-M1n3,71.4,4.8,6.0,10.2,27.0,,,55.8,148.2
426,N1N2-M1n3,61.2,2.4,,10.2,18.0,,11.4,26.4,111.6
425,N1N2-M1n3,61.2,2.4,1.8,10.2,16.8,,10.2,27.0,112.8
424,N1N2-M1n3,61.2,2.4,1.8,10.2,17.4,,13.8,29.4,118.8
423,N1N2-M1n3,61.2,3.0,3.0,10.2,18.6,,13.2,31.2,121.8
422,N1N2N3-M1n3,70.2,4.2,1.2,37.8,,,27.0,58.2,198.6
421,N3-M1n3,62.4,1.8,4.2,6.0,,15.0,54.6,22.2,151.2
420,N3-M1n3,72.6,9.6,6.0,3.6,,19.8,28.2,9.0,129.0
419,N1N2-M1n3,61.2,3.0,3.0,10.2,18.0,5.4,28.2,9.0,114.6
418,N1N2-M1n3,50.4,3.0,2.4,9.6,,22.2,30.0,7.8,103.2
417,N1N2-M1n3,61.2,3.0,2.4,10.2,12.0,28.2,6.6,74.4,157.8
416,N1N2-M1n3,66.0,2.4,,9.6,,18.0,36.6,9.0,123.6
415,N3-M1n3,64.8,0.0,2.4,7.8,,12.0,47.4,16.2,138.6
414,N1N2-M1n3,61.2,3.0,4.2,0.0,,17.4,30.6,45.6,144.6
413,N1N2-M1n3,61.2,2.4,2.4,9.6,,19.2,15.6,28.8,120.0
412,N1N2-M1n3,61.2,2.4,,9.6,,21.6,24.0,16.8,114.0
411,N1N2-M1n3,61.2,2.4,,10.2,0.6,19.8,25.2,13.2,112.2
410,N1N2-M1n3,61.2,2.4,,9.6,,19.2,28.8,9.6,111.6
409,N1N2-M1n3,61.2,2.4,,9.6,,19.2,27.6,11.4,112.2
408,N1N2-M1n3,61.2,2.4,,9.6,,18.6,28.8,10.2,112.2
407,N1N2-M1n3,61.2,2.4,,9.6,,20.4,28.2,12.0,113.4
406,N1N2-M1n3,63.6,2.4,2.4,9.6,,19.8,30.0,9.6,117.6
405,N1N2-M1n3,61.2,2.4,,9.6,,22.2,24.6,12.6,110.4
404,N1N2-M1n3,61.2,2.4,,9.6,,19.2,26.4,10.8,110.4
403,N1N2-M1n3,61.2,2.4,,9.6,,19.8,27.6,9.6,110.4
402,N1N2-M1n3,61.2,2.4,,9.6,,19.2,27.0,10.2,110.4
401,N1N2-M1n3,61.2,2.4,,9.6,,19.8,27.6,10.2,111.0
400,N1N2-M1n3,61.2,2.4,,9.6,,18.6,27.0,16.2,116.4
399,N1N2-M1n3,62.4,2.4,,9.6,,15.0,28.8,22.8,126.0
398,N1N2-M1n3,61.8,2.4,,10.2,3.0,11.4,27.6,39.0,141.0
397,N1N2-M1n3,61.2,2.4,,10.2,1.2,18.0,25.2,30.6,129.6
396,N1N2-M1n3,61.2,2.4,,10.2,1.2,20.4,15.0,46.8,135.6
395,N1N2-M1n3,61.2,2.4,,10.2,19.2,4.2,15.0,27.0,115.8
394,N1N2-M1n3,61.2,2.4,,10.2,18.0,3.0,25.2,10.8,109.8
393,N1N2-M1n3,61.2,2.4,,10.2,18.6,6.6,23.4,16.2,113.4
392,N1N2-M1n3,61.2,2.4,,10.2,17.4,3.6,22.8,17.4,114.0
391,N1N2-M1n3,61.2,2.4,,10.2,18.6,1.2,22.8,19.2,115.8
390,N1N2-M1n3,61.2,2.4,,10.2,18.0,,14.4,33.6,121.8
389,N1N2-M1n3,61.2,2.4,,10.2,15.0,,12.6,45.6,132.0
388,N1N2-M1n3,61.2,2.4,,10.2,14.4,,12.6,70.2,156.6
387,N1N2-M1n3,61.2,2.4,,10.2,16.2,,13.8,40.2,127.8
386,N1N2-M1n3,61.2,2.4,,10.2,21.0,1.2,15.0,28.2,117.0
385,N1N2-M1n3,61.2,2.4,,10.2,20.4,3.0,15.0,27.0,115.8
384,N1N2-M1n3,61.2,2.4,,9.6,,2.4,15.0,26.4,114.6
383,N1N2-M1n3,61.2,2.4,,9.6,,1.8,15.0,28.2,116.4
382,N1N2-M1n3,61.2,2.4,,10.2,17.4,1.8,15.0,28.2,117.0
381,N1N2-M1n3,61.2,2.4,,10.2,18.6,,13.8,31.8,119.4
380,N1N2-M1n3,61.2,2.4,,10.2,17.4,0.6,15.0,36.6,125.4
379,N1N2-M1n3,61.2,3.0,2.4,9.6,,16.2,24.6,49.2,150.0
378,N1N2-M1n3,,2.4,,9.6,,18.0,24.0,42.6,78.6
377,N1N2-M1n3,61.2,2.4,,10.2,17.4,6.0,25.2,10.8,109.8
376,N1N2-M1n3,61.2,2.4,,10.2,,22.2,22.8,13.8,110.4
375,N1N2-M1n3,61.2,2.4,,9.6,,20.4,25.8,10.8,109.8
374,N1N2-M1n3,61.2,2.4,,9.6,,19.8,27.6,9.6,110.4
373,N1N2-M1n3,61.2,3.6,,10.2,,,,,75.0
372,N1N2-M1n3,61.2,3.0,2.4,10.2,17.4,6.0,25.2,10.8,112.8
371,N1N2-M1n3,61.2,3.0,2.4,9.6,,107.4,25.8,9.6,111.6
370,N1N2-M1n3,61.2,3.0,2.4,9.6,,20.4,27.6,9.6,113.4
369,N1N2-M1n3,60.6,0.0,2.4,4.8,,19.2,27.6,14.4,109.8
368,N1N2-M1n3,53.4,3.0,2.4,9.6,,1.2,15.0,29.4,112.8
367,N1N2-M1n3,61.2,2.4,,10.2,16.2,7.8,45.6,12.0,131.4
366,N1N2-M1n3,61.2,2.4,,9.6,,23.4,51.6,7.8,132.6
365,N1N2-M1n3,61.2,2.4,,9.6,,22.8,51.0,7.8,132.0
364,N1N2-M1n3,61.2,2.4,,9.6,,20.4,51.6,7.8,132.6
363,N1N2-M1n3,61.2,2.4,,9.6,,25.2,51.0,7.8,132.0
362,N1N2-M1n3,61.2,2.4,2.4,10.2,19.2,4.2,50.4,7.2,133.8
361,N1N2-M1n3,61.2,2.4,2.4,9.6,,22.8,51.0,7.8,134.4
360,N1N2-M1n3,61.2,2.4,2.4,10.2,,22.2,52.2,7.8,136.2
359,N1N2-M1n3,63.0,2.4,2.4,9.6,,22.8,49.2,7.8,134.4
358,N1N2-M1n3,61.2,2.4,2.4,9.6,,24.6,46.2,9.6,131.4
357,N1N2-M1n3,61.2,2.4,2.4,9.6,,4.2,47.4,7.8,130.8
356,N1N2-M1n3,61.2,2.4,2.4,10.2,9.0,7.2,46.2,9.0,131.4
355,N1N2-M1n3,61.2,2.4,2.4,10.2,18.0,5.4,49.8,7.8,133.8
354,N1N2-M1n3,61.2,2.4,2.4,10.2,9.0,21.6,24.6,33.0,133.8
353,N1N2-M1n3,61.2,2.4,2.4,10.2,12.0,36.6,5.4,49.2,130.8
352,N1N2-M1n3,61.2,2.4,1.8,7.8,,19.2,103.2,16.2,192.6
351,N1N2-M1n3,61.2,2.4,2.4,9.6,,9.6,34.8,34.8,145.2
350,N1N2-M1n3,61.2,2.4,2.4,9.6,,22.8,46.8,10.2,132.6
349,N1N2-M1n3,61.2,2.4,2.4,10.2,18.6,5.4,45.6,12.0,133.8
348,N1N2-M1n3,61.2,2.4,2.4,10.2,,22.8,43.8,15.6,135.6
347,N1N2-M1n3,61.2,2.4,2.4,9.6,,24.0,43.8,17.4,136.8
346,N1N2-M1n3,61.2,2.4,2.4,9.6,,22.2,44.4,17.4,137.4
345,N1N2-M1n3,61.2,2.4,2.4,9.6,,17.4,50.4,20.4,146.4
344,N1N2-M1n3,61.2,2.4,2.4,9.6,,18.6,47.4,31.8,154.8
343,N1N2-M1n3,61.2,2.4,2.4,9.6,,23.4,48.0,12.0,135.6
342,N1N2-M1n3,61.2,2.4,2.4,10.2,0.0,25.8,45.6,8.4,130.2
341,N1N2-M1n3,63.6,2.4,2.4,9.6,,23.4,46.8,8.4,133.2
340,N1N2-M1n3,69.6,7.8,2.4,9.6,,22.2,48.6,8.4,146.4
339,N1N2-M1n3,61.2,2.4,2.4,10.2,17.4,3.6,34.8,28.2,139.2
338,N1N2-M1n3,61.2,2.4,2.4,10.2,18.0,,9.0,32.4,117.6
337,N1N2-M1n3,56.4,0.0,1.8,10.2,18.6,,10.8,33.6,112.8
336,N1N2-M1n3,70.8,1.8,2.4,9.6,,25.8,57.6,29.4,171.6
335,N1N2-M1n3,61.2,2.4,2.4,9.6,,22.8,46.2,9.6,131.4
334,N1N2-M1n3,61.2,2.4,2.4,9.6,,21.6,51.0,7.8,134.4
333,N1N2-M1n3,61.2,2.4,2.4,9.6,,21.6,53.4,3.6,132.6
332,N1N2-M1n3,61.2,2.4,2.4,9.6,,22.8,50.4,7.8,133.8
331,N1N2-M1n3,61.2,2.4,2.4,9.6,,18.0,94.2,12.6,182.4
330,N1N2-M1n3,62.4,3.6,3.0,9.6,,16.2,47.4,29.4,155.4
329,N1N2-M1n3,61.2,2.4,2.4,9.6,,17.4,46.8,24.6,147.0
328,N1N2-M1n3,61.2,2.4,4.8,10.2,15.6,6.0,34.8,29.4,142.8
327,N1N2-M1n3,61.2,2.4,2.4,10.2,15.0,6.6,34.8,25.2,136.2
326,N1N2-M1n3,61.2,2.4,2.4,10.2,14.4,5.4,34.8,26.4,137.4
325,N1N2-M1n3,61.2,2.4,2.4,10.2,14.4,6.0,34.8,27.0,138.0
324,N1N2-M1n3,61.2,2.4,2.4,9.6,,4.2,55.8,30.0,161.4
323,N1N2-M1n3,61.8,1.2,1.2,4.2,,22.2,34.8,27.6,130.8
322,N1N2-M1n3,61.2,2.4,2.4,9.6,,24.0,45.0,11.4,132.0
321,N1N2-M1n3,61.2,2.4,2.4,9.6,,21.6,46.2,10.2,132.0
320,N1N2-M1n3,61.2,2.4,2.4,9.6,,21.0,46.2,12.0,133.8
319,N1N2-M1n3,61.2,2.4,2.4,9.6,,21.6,46.2,12.6,134.4
318,N1N2-M1n3,61.2,2.4,2.4,9.6,,21.6,46.2,13.8,135.6
317,N1N2-M1n3,61.2,2.4,2.4,9.6,,22.8,48.6,12.6,136.8
316,N1N2-M1n3,61.2,2.4,2.4,9.6,,124.8,85.8,3.0,164.4
315,N1-M1n3,61.2,1.2,1.8,10.2,25.2,33.0,1.8,6.6,82.8
314,N1N2-M1n3,61.2,2.4,2.4,10.2,,24.0,46.2,11.4,133.8
313,N1N2-M1n3,61.2,2.4,4.8,9.6,,22.2,46.2,10.2,134.4
312,N1N2-M1n3,61.2,2.4,2.4,9.6,,21.6,45.6,12.0,133.2
311,N1N2-M1n3,61.2,2.4,2.4,9.6,,22.2,38.4,22.8,136.8
310,N1N2-M1n3,61.2,2.4,2.4,9.6,,24.6,52.2,6.6,134.4
309,N1N2-M1n3,61.2,1.2,1.2,10.2,24.0,7.2,51.0,2.4,127.2
308,N2-M2n4,61.2,1.2,1.8,10.2,20.4,19.2,12.0,4.8,91.2
307,N1N2-M1n3,61.2,2.4,2.4,9.6,,24.0,56.4,7.8,139.8
306,N2-M2n4,62.4,1.2,1.8,10.2,19.8,19.8,12.0,6.6,94.2
305,N1N2-M1n3,61.2,7.2,1.2,9.6,,22.8,56.4,5.4,141.0
304,N2-M2n4,62.4,1.2,1.2,10.2,22.2,18.0,12.0,7.8,94.8
303,N1N2-M1n3,61.2,2.4,2.4,9.6,,22.2,42.6,36.0,154.2
302,N2-M2n4,62.4,1.2,1.8,10.2,,31.8,12.0,7.8,95.4
301,N1N2-M1n3,61.2,2.4,2.4,9.6,,22.2,47.4,15.6,138.6
300,N2-M2n4,62.4,1.2,1.8,10.2,22.2,12.0,12.0,7.8,95.4
299,N1N2-M1n3,61.2,2.4,2.4,10.2,,22.8,46.2,22.8,145.2
298,N2-M2n4,62.4,1.2,1.8,10.2,16.8,14.4,12.0,9.6,97.2
297,N1N2-M1n3,61.2,2.4,2.4,9.6,,19.2,37.2,36.0,148.8
296,N2-M2n4,62.4,1.2,1.8,9.6,,4.2,12.6,21.0,108.6
295,N1N2-M1n3,61.2,2.4,2.4,9.6,,21.0,37.2,37.8,150.6
294,N2-M2n4,62.4,1.2,1.8,10.2,20.4,12.6,12.0,9.6,97.2
293,N1N2-M1n3,61.2,2.4,2.4,9.6,,25.8,43.8,19.8,139.2
292,N2-M2n4,62.4,1.2,1.8,9.6,,39.0,12.0,7.8,94.8
291,N1N2-M1n3,61.2,2.4,2.4,10.2,19.2,7.2,45.0,10.8,132.0
290,N2-M2n4,62.4,1.2,1.8,10.2,22.2,18.0,12.0,7.8,95.4
289,N1N2-M1n3,61.2,2.4,2.4,10.2,16.2,6.6,43.8,15.0,135.0
288,N2-M2n4,62.4,1.2,1.8,10.2,22.8,15.0,12.0,7.8,95.4
287,N1N2-M1n3,61.2,2.4,2.4,10.2,15.6,6.6,43.2,15.6,135.0
286,N2-M2n4,62.4,1.2,1.8,10.2,21.6,13.8,12.0,7.8,95.4
285,N1N2-M1n3,61.2,2.4,2.4,10.2,15.6,6.6,37.8,24.6,138.6
284,N2-M2n4,62.4,1.2,1.8,10.2,21.6,13.8,12.0,7.8,95.4
283,N1N2-M1n3,61.2,2.4,2.4,10.2,15.0,5.4,45.0,15.6,136.8
282,N2-M2n4,62.4,1.2,1.8,10.2,17.4,13.8,29.4,9.0,114.0
281,N1N2-M1n3,61.2,2.4,2.4,10.2,15.6,4.2,37.2,67.8,181.2
280,N2-M2n4,62.4,1.2,1.8,10.2,18.0,7.8,11.4,22.2,109.2
279,N1N2-M1n3,61.2,2.4,2.4,10.2,13.8,4.2,37.2,35.4,148.8
278,N2-M2n4,62.4,1.2,1.8,10.2,17.4,15.6,12.0,11.4,99.0
277,N1N2-M1n3,61.2,2.4,2.4,10.2,15.0,6.6,37.2,30.0,143.4
276,N2-M2n4,62.4,1.2,1.8,10.2,22.2,17.4,12.0,7.8,95.4
275,N1N2-M1n3,61.2,2.4,2.4,10.2,16.8,9.0,37.2,23.4,136.8
274,N2-M2n4,61.2,1.2,1.8,10.2,32.4,11.4,7.2,9.0,90.6
273,N1N2-M1n3,61.2,2.4,2.4,10.2,16.2,8.4,54.0,7.8,138.0
272,N2-M2n4,62.4,1.2,1.8,10.2,23.4,16.8,12.0,7.8,95.4
271,N1N2-M1n3,61.2,2.4,2.4,10.2,15.6,6.0,55.2,7.8,139.2
270,N2-M2n4,62.4,1.2,1.8,10.2,21.6,16.2,12.0,7.8,95.4
269,N1N2-M1n3,61.2,2.4,2.4,10.2,15.0,6.0,54.6,7.2,138.0
268,N2-M2n4,62.4,1.2,1.8,10.2,21.0,18.6,12.0,7.8,95.4
267,N1N2-M1n3,61.2,2.4,3.0,10.2,16.2,6.6,51.0,8.4,136.2
266,N2-M2n4,62.4,1.2,1.8,10.2,22.2,12.0,12.0,7.8,95.4
265,N1N2-M1n3,61.2,2.4,2.4,10.2,15.6,6.6,51.0,12.6,139.8
264,N2-M2n4,62.4,1.2,1.8,10.2,18.6,11.4,12.0,10.2,97.8
263,N1N2-M1n3,61.2,2.4,2.4,10.2,14.4,3.6,37.2,34.8,148.2
262,N2-M2n4,61.2,1.8,1.8,10.2,19.8,6.6,12.0,22.2,109.2
261,N1N2-M1n3,61.2,2.4,2.4,10.2,12.6,6.6,34.8,48.6,159.6
260,N2-M2n4,61.2,1.2,1.2,10.2,20.4,13.2,12.0,14.4,100.2
259,N1N2-M1n3,61.2,1.8,1.8,9.6,,25.2,65.4,13.8,153.6
258,N2-M2n4,62.4,1.2,1.8,9.6,,16.8,12.0,14.4,101.4
257,N1N2-M1n3,61.2,2.4,2.4,9.6,,31.8,48.0,9.6,133.2
256,N2-M2n4,61.2,1.2,1.8,10.2,27.0,13.2,12.0,7.8,94.2
255,N1N2-M1n3,65.4,2.4,2.4,9.6,,25.2,42.6,14.4,136.8
254,N2-M2n4,62.4,1.8,1.8,10.2,3.6,40.2,14.4,7.8,98.4
253,N1N2-M1n3,61.2,2.4,2.4,9.6,,24.6,40.2,18.0,133.8
252,N2-M2n4,62.4,1.2,13.8,10.2,24.6,15.0,12.0,7.8,107.4
251,N1N2-M1n3,61.2,2.4,2.4,9.6,,25.2,42.6,33.0,151.2
250,N2-M2n4,62.4,1.2,1.8,9.6,,33.6,12.0,7.8,94.8
249,N1N2-M1n3,61.2,2.4,2.4,9.6,,22.8,38.4,23.4,137.4
248,N2-M2n4,61.2,13.8,1.2,9.6,,11.4,12.0,9.6,107.4
247,N1N2-M1n3,61.8,1.2,9.0,10.2,18.0,3.6,56.4,24.6,163.2
246,N2-M2n4,62.4,1.2,1.8,10.2,19.2,10.8,12.0,14.4,102.0
245,N1N2-M1n3,61.2,2.4,2.4,10.2,16.2,6.0,37.2,37.2,150.6
244,N2-M2n4,62.4,1.2,1.8,10.2,22.2,16.2,12.0,5.4,93.0
243,N1N2-M1n3,62.4,2.4,2.4,10.2,19.8,7.8,49.8,9.6,136.8
242,N2-M2n4,61.2,1.2,1.8,10.2,27.0,12.6,12.0,7.8,94.2
241,N1N2-M1n3,61.2,2.4,2.4,10.2,19.2,9.0,52.2,7.2,135.6
240,N2-M2n4,61.2,1.2,1.8,10.2,27.0,13.2,12.0,7.8,94.2
239,N1N2-M1n3,61.2,2.4,2.4,9.6,,101.4,80.4,7.8,163.8
238,N2-M2n4,62.4,1.2,1.8,9.6,,16.2,15.0,7.8,97.8
237,N1N2-M1n3,61.2,2.4,2.4,10.2,16.2,6.0,46.2,26.4,148.8
236,N2-M2n4,62.4,1.2,1.8,10.2,27.0,13.2,12.0,7.8,95.4
235,N1N2-M1n3,61.2,2.4,2.4,10.2,16.8,6.6,37.2,25.2,138.6
234,N2-M2n4,61.2,1.2,1.8,10.2,25.8,13.8,12.0,7.8,94.2
233,N1N2-M1n3,61.2,2.4,2.4,10.2,15.0,6.0,34.8,30.0,141.0
232,N2-M2n4,62.4,1.8,1.8,10.2,35.4,,7.2,15.6,99.0
231,N1N2-M1n3,61.2,2.4,2.4,10.2,18.6,,,33.6,109.8
230,N2-M2n4,61.2,1.2,1.8,10.2,31.2,10.2,15.0,13.2,102.6
229,N1N2-M1n3,61.2,2.4,2.4,10.2,21.0,,35.4,27.0,138.6
228,N2-M2n4,62.4,1.8,1.8,10.2,30.0,24.6,7.8,14.4,98.4
227,N1N2-M1n3,61.2,2.4,2.4,10.2,17.4,5.4,97.8,25.2,199.2
226,N2-M2n4,61.2,1.8,1.8,10.2,25.8,13.8,7.8,9.0,91.8
225,N1N2-M1n3,61.2,3.0,2.4,10.2,16.8,88.2,0.6,37.2,114.6
224,N2-M2n4,67.8,1.2,1.8,9.6,,12.0,21.0,9.6,111.0
223,N1N2-M1n3,61.2,0.0,7.8,9.6,,6.0,36.0,45.0,159.6
222,N2-M2n4,62.4,1.8,1.8,10.2,18.6,21.0,3.0,16.2,95.4
221,N1N2-M1n3,61.2,2.4,2.4,10.2,15.6,7.2,31.2,33.6,141.0
220,N2-M2n4,62.4,9.0,9.0,10.2,,15.0,13.2,9.6,113.4
219,N1N2-M1n3,61.2,2.4,2.4,10.2,10.8,,10.2,27.6,114.0
218,N2-M2n4,62.4,1.2,1.8,10.2,18.6,13.2,7.2,21.6,104.4
217,N1N2-M1n3,58.8,7.2,1.8,10.2,15.6,4.2,39.0,40.2,157.2
216,N2-M2n4,62.4,1.2,1.8,10.2,25.8,17.4,6.0,13.8,95.4
215,N1N2-M1n3,61.2,2.4,2.4,10.2,18.6,5.4,38.4,31.8,146.4
214,N2-M2n4,62.4,1.2,1.8,9.6,,26.4,5.4,14.4,94.8
213,N1N2-M1n3,61.2,2.4,2.4,9.6,,4.2,34.2,33.0,142.8
212,N2-M2n4,62.4,1.2,1.8,10.2,27.0,22.2,8.4,14.4,98.4
211,N1N2-M1n3,61.2,2.4,2.4,10.2,16.2,4.8,34.8,31.8,142.8
210,N2-M2n4,62.4,1.2,1.8,10.2,25.8,22.8,11.4,14.4,101.4
209,N1N2-M1n3,61.2,2.4,8.4,10.2,16.8,4.8,34.8,31.2,148.2
