Cycle #,Module,Start Time,ADS CO2 (kg),DES CO2 (kg),DES Hours,BAG CO2 (kg),DES Vol Cap,eTotal kWh,Steam (kg)
726,N3-M1n3,06/10/2026 23:47,6.6,6.034,1.0878,5.996,230.884,94.6,172.527
724,N3-M1n3,06/10/2026 21:44,6.171,6.043,1.0258,6.001,231.213,99.22,165.649
722,N3-M1n3,06/10/2026 19:22,4.465,6.027,1.0992,5.929,230.592,83.15,167.094
721,N3-M1n3,06/10/2026 13:11,2.529,7.318,1.88,5.864,280.009,90.22,165.262
718,N3-M1n3,06/10/2026 06:00,3.966,4.97,1.1589,4.815,190.164,89.81,196.646
717,N3-M2n4,06/10/2026 04:58,4.621,5.865,1.0764,5.742,224.403,90.56,192.829
716,N3-M1n3,06/10/2026 03:56,3.815,5.446,1.0447,5.382,208.375,84.85,205.384
714,N3-M1n3,06/10/2026 01:49,3.486,5.189,1.0764,5.124,198.548,84.44,200.625
713,N3-M2n4,06/10/2026 00:44,3.723,5.792,0.8539,5.199,221.611,71.99,154.024
712,N3-M1n3,05/10/2026 23:42,2.444,5.144,1.1314,5.054,196.829,87.12,213.27
711,N3-M2n4,05/10/2026 22:34,3.337,4.859,0.8403,4.471,185.915,71.44,145.959
709,N3-M2n4,05/10/2026 20:26,3.537,5.253,0.8864,4.871,200.972,67.22,143.268
708,N3-M1n3,05/10/2026 19:24,2.802,5.118,1.0753,4.799,195.804,86.4,205.986
707,N3-M2n4,05/10/2026 18:12,4.085,5.672,0.9808,4.607,217.019,75.39,170.613
706,N3-M1n3,05/10/2026 17:16,2.476,5.405,1.1303,5.217,206.783,85.46,198.482
704,N3-M1n3,05/10/2026 14:33,2.816,4.953,1.0831,4.392,189.491,85.2,190.218
702,N3-M1n3,05/10/2026 12:13,2.181,5.151,1.0756,4.918,197.079,85.66,160.609
701,N3-M2n4,05/10/2026 11:11,3.116,5.532,0.9869,4.022,211.674,66.69,146.813
700,N3-M1n3,05/10/2026 10:09,3.727,5.34,1.0433,5.128,204.299,81.35,151.133
698,N3-M1n3,05/10/2026 07:58,5.875,5.006,1.0758,4.883,191.521,89.89,194.26
697,N3-M2n4,05/10/2026 06:46,6.904,5.665,0.9917,4.862,216.738,75.47,155.584
696,N3-M1n3,05/10/2026 05:39,5.531,5.408,1.3142,5.249,206.918,101.77,217.469
695,N3-M2n4,05/10/2026 04:30,5.869,5.221,0.9942,4.368,199.757,82.45,178.741
694,N3-M1n3,05/10/2026 02:40,4.626,5.595,1.0758,5.48,214.078,90.41,184.131
693,N3-M2n4,05/10/2026 01:30,5.268,5.339,1.1553,4.78,204.286,89.88,173.858
692,N3-M1n3,05/10/2026 00:28,3.721,5.685,1.0756,5.582,217.498,93.72,203.154
691,N3-M2n4,04/10/2026 23:20,4.868,5.371,1.0122,4.617,205.517,80.77,157.837
690,N3-M1n3,04/10/2026 22:18,3.201,5.438,1.0756,5.281,208.078,84.06,196.486
689,N3-M2n4,04/10/2026 21:05,3.818,5.601,1.0639,4.318,214.301,84.57,166.367
688,N3-M1n3,04/10/2026 20:15,1.963,4.906,1.0414,4.72,187.69,80.48,177.557
686,N3-M1n3,04/10/2026 17:32,2.266,4.447,0.9989,4.018,170.137,77.93,170.369
684,N3-M1n3,04/10/2026 15:22,2.449,5.031,1.0756,4.411,192.496,70.85,158.284
682,N3-M1n3,04/10/2026 13:18,1.964,4.737,1.0603,4.171,181.245,73.52,162.995
680,N3-M1n3,04/10/2026 11:14,2.56,5.309,1.0717,5.043,203.13,76.29,165.54
679,N3-M2n4,04/10/2026 10:05,4.869,5.129,0.8942,4.281,196.226,66.74,132.481
678,N3-M1n3,04/10/2026 09:09,4.929,5.158,0.9581,5.011,197.363,92.53,178.36
677,N3-M2n4,04/10/2026 07:51,7.141,5.603,1.0228,4.707,214.377,79.2,159.434
676,N3-M1n3,04/10/2026 06:49,5.762,5.618,1.2358,5.439,214.959,98.34,211.881
675,N3-M2n4,04/10/2026 05:34,6.232,5.384,1.2311,4.561,205.983,85.95,179.503
674,N3-M1n3,04/10/2026 04:31,5.22,5.513,1.0761,5.331,210.944,99.71,204.953
673,N3-M2n4,04/10/2026 03:20,5.663,5.572,1.12,4.649,213.172,114.11,164.079
672,N3-M1n3,04/10/2026 02:18,4.762,5.554,1.0756,5.421,212.511,122.08,197.853
671,N3-M2n4,04/10/2026 01:06,4.917,5.459,1.0075,4.283,208.853,104.13,157.915
670,N3-M1n3,04/10/2026 00:09,2.929,5.295,1.1464,5.158,202.582,119.02,197.309
669,N3-M2n4,03/10/2026 22:23,3.608,5.63,1.0536,4.571,215.398,76.54,160.716
668,N3-M1n3,03/10/2026 21:21,2.489,5.516,1.0756,5.316,211.05,91.67,197.808
662,N3-M1n3,03/10/2026 13:52,2.169,4.944,1.0561,4.322,189.178,71.07,152.934
660,N3-M1n3,03/10/2026 11:48,2.691,4.995,1.0592,4.37,191.116,75.88,150.593
658,N3-M1n3,03/10/2026 09:37,4.378,5.403,0.9156,5.009,206.736,71.36,165.669
657,N3-M2n4,03/10/2026 08:45,6.678,5.9,1.0186,4.717,225.735,83.19,193.057
656,N3-M1n3,03/10/2026 06:55,6.027,5.622,1.1389,5.391,215.119,85.57,203.17
654,N3-M1n3,03/10/2026 04:48,5.711,5.64,1.0761,5.516,215.794,85.79,203.809
653,N3-M2n4,03/10/2026 03:46,6.141,5.491,1.0281,4.659,210.088,81.43,191.152
651,N3-M2n4,03/10/2026 01:38,5.765,5.495,1.0769,4.597,210.228,87.41,187.83
650,N3-M1n3,03/10/2026 00:26,4.43,5.384,1.0206,5.078,206.01,80.86,185.445
649,N3-M2n4,02/10/2026 23:36,4.133,5.448,1.0281,4.384,208.438,84.88,184.234
648,N3-M1n3,02/10/2026 21:34,2.653,5.427,1.1694,5.269,207.628,89.12,202.412
647,N3-M2n4,02/10/2026 20:30,3.489,5.431,1.0381,4.075,207.78,78.53,168.702
646,N3-M1n3,02/10/2026 19:28,2.192,5.554,1.0756,5.301,212.505,80.55,191.911
644,N3-M1n3,02/10/2026 17:19,2.078,4.975,1.0758,4.215,190.348,78.87,179.948
640,N3-M1n3,02/10/2026 12:17,2.46,5.184,1.02,4.966,198.363,71.51,160.192
638,N3-M1n3,02/10/2026 10:05,4.538,5.204,1.0758,5.026,199.128,84.92,180.489
637,N2N3-M2n4,02/10/2026 08:54,7.497,,0.9253,5.936,,-40.57,0
636,N3-M1n3,02/10/2026 07:46,7.663,5.876,1.1864,5.712,224.815,102.64,221.157
630,N2-M2n4,01/10/2026 20:56,1.366,2.298,1.1703,2.185,175.819,71.07,151.577
613,N2N3-M1n3,30/09/2026 10:06,11.411,9.511,1.6028,9.069,181.95,191.26,280.566
611,N3-M2n4,30/09/2026 08:06,8.216,6.926,0.8744,5.832,265.003,79.92,160.352
610,N2N3-M1n3,30/09/2026 06:38,13.697,7.705,1.6642,7.436,147.399,195.41,321.917
609,N3-M2n4,30/09/2026 05:16,8.135,6.881,1.0644,6.021,263.286,82.53,169.26
608,N2N3-M1n3,30/09/2026 03:55,12.818,8.628,1.5581,8.458,165.054,199.82,307.972
607,N3-M2n4,30/09/2026 02:32,7.707,6.473,1.0183,5.616,247.673,86.22,161.462
606,N2N3-M1n3,30/09/2026 01:15,12.241,8.677,1.4906,8.435,165.992,189.59,291.745
605,N3-M2n4,29/09/2026 23:31,6.212,6.999,1.0111,5.941,267.798,79.48,155.934
604,N2N3-M1n3,29/09/2026 22:13,10.76,8.855,1.5081,8.598,169.393,184.2,287.032
603,N3-M2n4,29/09/2026 20:45,5.806,6.674,0.9069,5.469,255.362,71.61,144.778
602,N2N3-M1n3,29/09/2026 19:31,8.139,8.016,1.5161,7.383,153.348,183.46,278.32
601,N1N2N3-M2n4,29/09/2026 17:55,6.791,4.23,1.0064,2.489,80.93,69.93,141.957
600,N2N3-M1n3,29/09/2026 16:46,5.9,8.031,1.5853,7.484,153.633,169.61,261.707
599,N2N3-M2n4,29/09/2026 13:39,3.891,6.3,1.0028,4.61,120.528,119.24,130.752
598,N2N3-M1n3,29/09/2026 11:48,9.374,8.9,1.8292,8.587,170.256,185.4,259.836
597,N3-M2n4,29/09/2026 10:26,4.799,6.653,0.9486,5.582,254.547,70.99,141.652
596,N2-M1n3,29/09/2026 09:24,2.899,1.406,1.2342,1.08,107.55,73.99,169.073
595,N3-M2n4,29/09/2026 07:45,8.295,7.233,1.0533,5.779,276.745,84.6,180.966
594,N1N2N3-M1n3,29/09/2026 05:22,15.902,10.832,2.6522,10.668,138.145,363.43,561.047
593,N3-M2n4,29/09/2026 03:29,7.118,7.107,1.0828,4.052,271.934,79.36,169.643
592,N1N2N3-M1n3,29/09/2026 01:15,14.348,11.917,2.5853,11.678,151.992,357.53,519.782
591,N3-M2n4,28/09/2026 23:41,6.507,6.755,0.8928,4.128,258.468,75.3,156.38
590,N1N2N3-M1n3,28/09/2026 21:28,13.052,12.696,2.6081,12.307,161.918,340.13,508.176
589,N3-M2n4,28/09/2026 20:43,6.003,6.617,0.9931,5.624,253.166,80.14,172.287
588,N1N2N3-M1n3,28/09/2026 17:38,12.185,12.145,2.3917,11.863,154.891,310.84,460.33
587,N3-M2n4,28/09/2026 15:56,2.85,6.506,0.9494,4.322,248.93,74.67,167.488
586,N1N2N3-M1n3,28/09/2026 13:55,8.205,12.453,2.5464,12.118,158.826,285.92,449.82
584,N1N2N3-M1n3,28/09/2026 09:32,14.261,13.316,2.4442,13.254,169.833,303.61,477.617
583,N1N2N3-M1n3,28/09/2026 05:58,15.757,11.555,2.1942,11.274,147.365,278.58,401.518
582,N3-M2n4,28/09/2026 04:33,8.223,7.385,0.9975,5.918,282.562,78.27,170.502
581,N1N2N3-M1n3,28/09/2026 02:40,14.826,10.977,2.1208,10.673,140.003,282.95,406.011
580,N3-M2n4,28/09/2026 00:59,6.555,6.953,1.2681,5.385,266.011,76.47,161.296
579,N1N2N3-M1n3,27/09/2026 23:09,13.937,10.358,2.3447,10.031,132.102,300.5,420.525
577,N1N2N3-M1n3,27/09/2026 19:03,9.938,11.552,2.53,11.431,147.327,334.64,490.461
576,N3-M2n4,27/09/2026 16:50,2.523,6.079,1.0194,4.138,232.603,67.71,157.506
575,N1N2N3-M1n3,27/09/2026 14:15,6.624,12.816,3.6158,11.856,163.457,360.85,487.908
574,N3-M2n4,27/09/2026 12:32,3.286,6.525,0.9797,5.273,249.638,66.95,142.136
573,N1N2N3-M1n3,27/09/2026 10:39,9.888,12.152,2.4294,11.813,154.989,301.02,384.295
568,N3-M2n4,27/09/2026 02:53,8.426,6.508,1.1544,4.192,248.99,85.82,184.167
564,N1N2N3-M1n3,26/09/2026 17:47,7.536,11.695,3.0833,11.343,149.16,309.89,463.291
562,N1N2N3-M1n3,26/09/2026 13:27,5.009,12.594,2.8969,12.416,160.623,277.74,399.94
559,N3-M2n4,23/09/2026 17:16,4.659,7.616,1.055,6.922,291.379,78.28,188.343
558,N3-M2n4,15/09/2026 16:15,3.29,5.288,0.955,4.225,202.335,77.93,152.022
557,N1N2N3-M1n3,15/09/2026 14:43,8.839,13.865,2.1222,13.464,176.835,340.86,328.566
556,N3-M2n4,15/09/2026 12:56,5.06,6.567,1.0103,5.745,251.246,83.1,164.194
555,N1N2N3-M1n3,15/09/2026 10:58,11.759,13.177,2.5767,12.828,168.058,368.71,339.568
553,N1N2N3-M1n3,15/09/2026 07:08,12.577,10.549,2.0031,10.328,134.536,307.27,386.608
551,N1N2N3-M1n3,15/09/2026 03:56,12.317,14.018,2.0344,13.86,178.777,379.71,375.575
549,N1N2N3-M1n3,15/09/2026 00:45,11.399,14.345,2.0056,14.153,182.946,374.99,371.738
547,N1N2N3-M1n3,14/09/2026 20:54,10.653,11.944,2.6697,11.784,152.329,395.65,394.096
545,N1N2N3-M1n3,14/09/2026 17:23,10.913,10.147,2.1433,9.792,129.412,297.74,372.549
542,N1N2N3-M1n3,14/09/2026 12:08,8.768,10.099,1.8847,9.555,128.802,280.28,334.311
538,N1N2N3-M1n3,14/09/2026 05:04,13.421,11.635,2.1461,11.296,148.395,366.55,376.812
536,N1N2N3-M1n3,14/09/2026 01:57,11.525,11.481,1.9386,11.203,146.421,372.19,357.228
534,N1N2N3-M1n3,13/09/2026 22:17,11.48,11.151,2.0192,10.9,142.213,379.18,348.814
532,N1N2N3-M1n3,13/09/2026 19:00,10.561,11.437,2.1214,11.149,145.863,375.22,380.858
530,N1N2N3-M1n3,13/09/2026 12:12,9.149,,5.5747,9.87,,408.22,453.26
528,N1N2N3-M1n3,13/09/2026 08:52,13.539,11.745,2.1606,11.506,149.799,344.36,391.356
526,N1N2N3-M1n3,13/09/2026 05:23,16.786,11.654,1.9886,11.487,148.632,380.24,377.655
524,N1N2N3-M1n3,13/09/2026 02:15,13.017,11.181,1.9547,10.998,142.6,373.67,367.854
522,N1N2N3-M1n3,12/09/2026 23:06,12.268,10.526,1.9697,10.333,134.251,338.92,365.404
520,N1N2N3-M1n3,12/09/2026 19:54,11.443,11.04,2.0319,10.768,140.8,363.44,362.654
518,N1N2N3-M1n3,12/09/2026 16:26,9.485,10.881,2.2814,9.914,138.767,352.46,344.368
516,N1N2N3-M1n3,12/09/2026 13:04,9.204,10.636,2.1906,9.98,135.65,341.21,337.466
514,N1N2N3-M1n3,12/09/2026 09:42,11.539,11.595,2.2047,11.33,147.88,353.98,352.458
512,N1N2N3-M1n3,12/09/2026 06:26,2.393,12.324,2.0847,12.174,157.171,375.28,382.894
510,N1N2N3-M1n3,12/09/2026 02:07,13.199,10.548,1.9117,10.361,134.53,329.44,370.993
508,N1N2N3-M1n3,11/09/2026 22:49,11.469,11.637,2.1142,11.366,148.416,383.79,356.334
506,N1N2N3-M1n3,11/09/2026 19:41,11.721,10.629,1.9625,10.343,135.557,324.93,357.527
504,N1N2N3-M1n3,11/09/2026 16:23,9.651,9.727,2.1342,9.257,124.055,300.87,324.595
502,N1N2N3-M1n3,11/09/2026 12:54,9.258,11.483,2.2922,10.933,146.456,322.6,322.03
500,N1N2N3-M1n3,11/09/2026 09:32,12.887,10.472,2.1939,10.543,133.562,314.06,380.918
498,N1N2N3-M1n3,11/09/2026 06:23,13.402,12.007,1.9547,11.791,153.129,378.96,354.318
496,N1N2N3-M1n3,11/09/2026 03:21,15.504,10.406,1.8536,10.21,132.714,339.97,345.619
494,N1N2N3-M1n3,11/09/2026 00:18,11.786,11.008,1.8761,10.676,140.387,344.26,340.315
493,N3-M2n4,10/09/2026 22:55,4.351,6.381,0.9258,5.636,244.132,74.96,154.464
492,N1N2N3-M1n3,10/09/2026 21:19,10.946,10.177,1.8094,9.668,129.799,292.82,364.308
490,N1N2N3-M1n3,10/09/2026 18:20,9.214,10.735,1.8033,10.338,136.911,278.82,332.38
489,N2N3-M2n4,10/09/2026 16:35,3.408,5.163,0.9558,4.654,131.7,75.84,119.861
488,N1N2N3-M1n3,10/09/2026 15:10,8.331,10.101,1.9956,9.43,128.829,280.23,297.382
487,N3-M2n4,10/09/2026 13:31,2.66,5.798,0.8419,5.297,221.819,61.8,139.845
486,N1N2N3-M1n3,10/09/2026 11:52,9.887,10.047,2.1278,9.482,128.135,263.99,343.269
483,N1N2N3-M1n3,10/09/2026 08:02,16.495,10.225,1.8056,9.959,130.403,308.39,324.751
481,N1N2N3-M1n3,10/09/2026 03:21,15.602,10.791,3.4578,10.287,137.624,378.17,373.054
479,N1N2N3-M1n3,10/09/2026 00:11,17.169,11.669,1.9739,11.405,148.827,369.04,362.932
471,N1N2-M1n3,09/09/2026 05:49,8.798,5.275,1.2764,5.224,100.922,191.94,240.029
470,N1N2-M1n3,09/09/2026 03:24,8.58,4.969,1.2367,4.887,95.061,194.42,218.701
468,N1N2-M1n3,08/09/2026 22:37,9.684,5.087,1.215,5.02,97.314,179.2,217.07
466,N1N2N3-M1n3,08/09/2026 15:45,11.108,12.918,2.8028,12.344,164.748,451.23,468.908
464,N1N2N3-M1n3,08/09/2026 10:25,16.63,10.069,2.0247,9.296,128.42,271.77,257.571
462,N1N2-M1n3,08/09/2026 07:14,8.243,4.975,1.2028,4.891,95.173,185.72,215.247
461,N1N2-M1n3,08/09/2026 05:00,8.222,5.192,1.2319,5.129,99.322,188.25,218.641
460,N1N2-M1n3,08/09/2026 02:40,8.231,5.318,1.3328,5.182,101.734,182.62,214.762
459,N1N2-M1n3,08/09/2026 00:26,7.457,5.485,1.2231,5.392,104.934,181.47,208.636
458,N1N2-M1n3,07/09/2026 22:10,7.232,5.569,1.2631,5.468,106.538,179.88,209.321
457,N1N2-M1n3,07/09/2026 19:53,6.421,5.45,1.2639,5.349,104.271,174.34,204.219
456,N1N2N3-M1n3,07/09/2026 17:08,12.432,10.061,1.7103,9.342,0,250.79,225.933
455,N3-M1n3,07/09/2026 14:00,3.828,6.155,1.5625,5.039,235.486,101.99,263.715
454,N3-M1n3,07/09/2026 10:51,7.467,5.171,1.2833,4.978,197.85,114.91,259.888
453,N1N2-M1n3,07/09/2026 06:23,8.325,5.376,1.2333,5.329,102.841,181.94,208.867
452,N1N2-M1n3,07/09/2026 03:59,10.215,5.929,1.3944,4.589,113.432,186.93,217.874
447,N1N2-M1n3,06/09/2026 10:00,7.036,4.457,1.6731,4.213,85.272,185.35,195.405
446,N1N2-M1n3,06/09/2026 07:42,8.029,4.339,1.2933,4.128,83.009,180.82,224.755
445,N1N2-M1n3,06/09/2026 05:28,8.049,5.11,1.2128,5.118,97.756,178.9,201.016
444,N1N2-M1n3,06/09/2026 03:18,8.05,4.633,1.1725,4.725,88.636,179.02,193.808
443,N1N2-M1n3,06/09/2026 01:04,7.607,5.046,1.2231,5.072,96.524,172.39,202.584
442,N1N2-M1n3,05/09/2026 22:49,6.986,4.746,1.2428,4.85,90.787,175.19,197.183
421,N3-M1n3,02/09/2026 14:11,7.613,5.752,1.8306,5.415,220.066,129.3,338.645
420,N3-M1n3,02/09/2026 11:16,10.401,8.862,1.4247,6.638,339.079,133.41,231.918
419,N1N2-M1n3,02/09/2026 07:05,8.253,5.056,1.2667,4.987,96.724,194.08,230.649
418,N1N2-M1n3,02/09/2026 04:47,13.555,5.579,1.2711,5.484,106.724,186.8,227.509
416,N1N2-M1n3,01/09/2026 17:56,7.472,5.628,1.3575,5.412,107.664,183.46,197.17
414,N1N2-M1n3,01/09/2026 12:17,7.912,5.668,2.0992,5.211,108.441,175.71,202.699
413,N1N2-M1n3,01/09/2026 09:24,8.883,4.968,1.3333,4.877,95.031,20.75,212.364
412,N1N2-M1n3,01/09/2026 07:05,8.829,5.197,1.2986,5.102,99.413,185.03,207.859
410,N1N2-M1n3,01/09/2026 02:36,8.431,5.533,1.2231,5.387,105.856,182.17,200.259
409,N1N2-M1n3,01/09/2026 00:21,8.521,5.527,1.2339,5.402,105.739,179.85,200.447
408,N1N2-M1n3,31/08/2026 22:08,8.619,5.369,1.2231,5.233,102.713,179.5,199.484
407,N1N2-M1n3,31/08/2026 19:51,8.009,5.451,1.2633,5.318,104.285,180.85,205.395
406,N1N2-M1n3,31/08/2026 17:31,8.713,6.078,1.3414,5.437,116.274,174.55,202.647
405,N1N2-M1n3,31/08/2026 06:12,8.431,5.397,1.2533,5.319,103.247,189.07,216.471
404,N1N2-M1n3,31/08/2026 04:00,8.672,5.737,1.2022,5.616,109.745,185.53,203.234
403,N1N2-M1n3,31/08/2026 01:47,8.671,5.692,1.2031,5.563,108.898,181.34,205.183
402,N1N2-M1n3,30/08/2026 23:35,8.662,5.65,1.2033,5.515,108.081,179.78,205.282
401,N1N2-M1n3,30/08/2026 21:21,8.593,5.306,1.2142,5.186,101.507,179.18,206.891
400,N1N2-M1n3,30/08/2026 19:03,7.798,5.554,1.2925,5.384,106.258,172.21,204.38
399,N1N2-M1n3,30/08/2026 16:41,6.279,5.445,1.3667,5.218,104.174,146.78,186.837
397,N1N2-M1n3,30/08/2026 11:29,7.713,7.001,1.5142,5.644,133.932,166.48,203.002
395,N1N2-M1n3,30/08/2026 06:29,8.594,4.796,1.3425,4.703,91.746,189.78,219.13
394,N1N2-M1n3,30/08/2026 04:15,8.976,5.14,1.2133,4.999,98.327,183.38,211.733
393,N1N2-M1n3,30/08/2026 01:55,9.003,5.466,1.3397,5.16,104.575,202.31,226.152
392,N1N2-M1n3,29/08/2026 23:37,8.833,5.219,1.2825,5.018,99.845,183.75,215.127
391,N1N2-M1n3,29/08/2026 21:19,8.243,4.857,1.2842,4.324,92.915,174.52,202.85
385,N1N2-M1n3,29/08/2026 06:20,8.27,4.643,1.3428,4.103,88.822,190.74,220.65
384,N1N2-M1n3,29/08/2026 04:03,8.519,4.758,1.2828,4.419,91.028,185.47,208.793
383,N1N2-M1n3,29/08/2026 01:45,8.661,4.761,1.2933,4.366,91.079,180.82,204.747
379,N1N2-M1n3,28/08/2026 15:51,6.838,5.385,1.7675,5.161,103.021,168.4,203.79
378,N1N2-M1n3,28/08/2026 13:08,1.692,6.135,1.6844,5.963,117.372,163.92,196.612
377,N1N2-M1n3,28/08/2026 06:38,8.708,5.625,1.2525,5.574,107.602,196.25,223.17
376,N1N2-M1n3,28/08/2026 04:23,8.894,5.797,1.2425,5.716,110.907,194.41,219.571
375,N1N2-M1n3,28/08/2026 02:10,9.016,5.955,1.2131,5.834,113.926,187.34,212.786
374,N1N2-M1n3,27/08/2026 23:57,8.505,7.252,1.2139,6.357,138.739,182.3,209.376
372,N1N2-M1n3,27/08/2026 07:25,9.087,5.65,1.2561,5.596,108.084,191.5,236.631
371,N1N2-M1n3,27/08/2026 03:35,9.605,5.55,2.6481,5.226,106.174,202.05,281.784
370,N1N2-M1n3,27/08/2026 00:40,8.864,5.867,1.2261,5.788,112.231,182.7,219.854
369,N1N2-M1n3,26/08/2026 22:08,9.04,5.968,1.4156,5.249,114.181,189.05,233.649
367,N1N2-M1n3,26/08/2026 06:59,9.44,5.944,1.6311,5.789,113.712,224.27,302.222
366,N1N2-M1n3,26/08/2026 04:20,9.361,6.243,1.6414,6.164,119.428,232.55,299.549
365,N1N2-M1n3,26/08/2026 01:42,9.621,6.134,1.6247,6.031,117.344,230.69,297.628
364,N1N2-M1n3,25/08/2026 23:06,9.33,6.021,1.5956,5.915,115.191,223.73,289.486
363,N1N2-M1n3,25/08/2026 20:26,9.65,6.024,1.6617,5.89,115.237,210.34,305.938
361,N1N2-M1n3,25/08/2026 03:43,9.138,6.048,1.6294,5.979,115.694,229.7,308.874
360,N1N2-M1n3,25/08/2026 01:04,9.822,5.703,1.6408,5.622,109.105,227.65,302.324
359,N1N2-M1n3,24/08/2026 22:23,9.392,5.591,1.6631,5.494,106.968,217.14,307.143
358,N1N2-M1n3,24/08/2026 06:08,8.812,5.777,1.6011,5.627,110.524,237.37,310.446
357,N1N2-M1n3,24/08/2026 03:34,8.892,5.597,1.5658,5.486,107.075,234.3,304.189
356,N1N2-M1n3,24/08/2026 00:57,8.98,6.404,1.615,6.387,122.505,229.76,303.342
355,N1N2-M1n3,23/08/2026 22:19,9.266,6.046,1.6164,5.844,115.662,228.78,309.678
353,N1N2-M1n3,23/08/2026 14:59,5.616,13.861,2.9833,5.071,265.174,239.54,262.847
352,N1N2-M1n3,23/08/2026 10:00,8.859,6.995,3.9833,6.591,133.811,200.09,158.117
351,N1N2-M1n3,23/08/2026 07:09,8.245,5.333,1.8431,5.335,102.014,232.56,265.699
350,N1N2-M1n3,23/08/2026 04:33,8.299,5.925,1.5925,5.847,113.353,230.61,300.199
349,N1N2-M1n3,23/08/2026 01:56,8.049,5.452,1.6131,5.361,104.307,228.84,300.596
348,N1N2-M1n3,22/08/2026 23:17,7.889,5.644,1.6339,5.565,107.973,230.96,298.972
347,N1N2-M1n3,22/08/2026 20:36,7.227,5.715,1.6822,5.618,109.322,227.13,309.971
346,N1N2-M1n3,22/08/2026 17:56,7.6,5.635,1.6633,5.529,107.796,220.52,300.866
345,N1N2-M1n3,22/08/2026 15:11,6.854,6.172,1.7306,5.933,118.071,204.93,281.123
344,N1N2-M1n3,22/08/2026 12:17,7.916,6.351,1.8953,6.13,121.5,215.67,284.009
343,N1N2-M1n3,22/08/2026 09:38,9.193,5.87,1.6528,5.752,112.301,229.7,310.212
342,N1N2-M1n3,22/08/2026 07:02,9.273,5.893,1.5928,5.77,112.745,233.24,320.153
341,N1N2-M1n3,22/08/2026 04:27,9.389,6.3,1.5694,6.229,120.529,231.01,309.477
340,N1N2-M1n3,22/08/2026 01:41,9.566,6.18,1.6725,6.076,118.223,225.8,303.836
339,N1N2-M1n3,21/08/2026 22:56,8.747,6.256,1.6667,4.907,119.684,216.86,300.738
336,N1N2-M1n3,21/08/2026 07:49,9.032,4.882,2.1997,4.396,93.387,270.32,375.416
335,N1N2-M1n3,21/08/2026 05:08,8.573,5.868,1.5714,5.727,112.263,232.6,306.66
334,N1N2-M1n3,21/08/2026 02:31,8.712,6.193,1.6064,5.965,118.479,225.4,296.979
333,N1N2-M1n3,20/08/2026 23:55,9.284,6.112,1.57,5.971,116.932,226.11,299.726
332,N1N2-M1n3,20/08/2026 21:18,8.775,6.511,1.6161,6.391,124.553,223.4,303.819
331,N1N2-M1n3,20/08/2026 17:57,7.293,5.696,2.3439,5.549,108.974,206.84,267.899
330,N1N2-M1n3,20/08/2026 15:06,6.098,6.107,1.8311,5.835,116.825,213.46,279.635
329,N1N2-M1n3,20/08/2026 12:22,6.686,5.788,1.7414,5.621,110.733,206.77,276.164
328,N1N2-M1n3,20/08/2026 09:38,8.933,5.992,1.7269,4.994,114.635,222.13,293.831
327,N1N2-M1n3,20/08/2026 05:38,8.515,5.808,1.6242,5.095,111.107,217.88,294.263
326,N1N2-M1n3,20/08/2026 03:01,8.521,5.984,1.6131,5.185,114.481,219.92,288.937
325,N1N2-M1n3,20/08/2026 00:23,7.926,6.111,1.6236,5.401,116.908,218.52,288.556
323,N1N2-M1n3,19/08/2026 18:06,8.294,6.374,2.2633,4.708,121.941,235.81,330.497
322,N1N2-M1n3,19/08/2026 06:35,8.051,5.664,1.6131,5.59,108.358,231.46,305.616
321,N1N2-M1n3,19/08/2026 04:01,8.098,5.833,1.5636,5.743,111.59,228.3,303.731
320,N1N2-M1n3,19/08/2026 01:25,7.975,5.885,1.5836,5.783,112.579,227.75,291.958
319,N1N2-M1n3,18/08/2026 22:49,7.728,6.016,1.5931,5.914,115.095,224.99,295.258
318,N1N2-M1n3,18/08/2026 20:12,7.835,5.724,1.6231,5.63,109.496,224.57,294.713
317,N1N2-M1n3,18/08/2026 17:31,9.327,5.76,1.6744,5.676,110.196,223.25,300.896
316,N1N2-M1n3,18/08/2026 12:24,4.503,5.335,3.815,4.412,,287.53,327.706
314,N1N2-M1n3,18/08/2026 05:56,9.082,5.817,1.6133,5.744,111.291,230.7,302.375
313,N1N2-M1n3,18/08/2026 03:18,9.284,5.796,1.6133,5.717,110.882,221.26,289.3
312,N1N2-M1n3,18/08/2026 00:43,8.916,5.702,1.5833,5.57,109.075,231.74,296.463
311,N1N2-M1n3,17/08/2026 22:04,8.904,5.603,1.6506,5.516,107.186,230.8,294.345
310,N1N2-M1n3,17/08/2026 19:24,10.082,5.823,1.6567,5.737,111.403,230.94,309.053
309,N1N2-M1n3,17/08/2026 16:45,10.081,6.784,1.6442,6.677,129.721,230.14,318.092
308,N2-M2n4,10/08/2026 07:10,6.193,3.784,1.19,3.473,144.761,99.43,0
307,N1N2-M1n3,10/08/2026 05:38,7.822,6.221,1.7292,6.102,119.018,235.75,0
306,N2-M2n4,10/08/2026 04:28,7.859,3.915,1.2144,3.675,149.805,99.64,0
305,N1N2-M1n3,10/08/2026 02:46,10.45,6.263,1.8561,6.104,119.813,267.45,0
304,N2-M2n4,10/08/2026 01:34,7.405,3.752,1.2331,3.497,143.566,94.82,0
303,N1N2-M1n3,09/08/2026 23:40,9.759,6.395,1.9406,6.271,122.348,224.91,0
302,N2-M2n4,09/08/2026 22:19,6.04,4.206,1.1036,3.55,160.921,91.34,0
301,N1N2-M1n3,09/08/2026 20:59,8.27,6.124,1.6736,5.88,117.162,221.3,0
300,N2-M2n4,09/08/2026 19:32,6.415,3.621,1.1442,3.026,138.544,87.58,0
299,N1N2-M1n3,09/08/2026 18:11,9.678,6.27,1.7942,6.006,119.953,214.45,0
298,N2-M2n4,09/08/2026 16:30,5.387,3.706,1.1269,3.291,141.81,84.22,0
297,N1N2-M1n3,09/08/2026 15:23,8.647,5.697,1.8028,5.285,108.981,208.55,0
296,N2-M2n4,09/08/2026 13:40,5.858,2.995,1.2294,2.379,114.585,78.53,0
295,N1N2-M1n3,09/08/2026 12:31,9.453,5.804,1.8531,5.437,111.024,216.06,0
294,N2-M2n4,09/08/2026 11:07,7.387,3.878,1.1553,3.061,148.384,87.94,0
293,N1N2-M1n3,09/08/2026 09:45,10.587,6.37,1.7533,6.179,121.853,232.85,0
292,N2-M2n4,09/08/2026 08:30,7.734,4.307,1.2244,3.324,164.773,97.4,0
291,N1N2-M1n3,09/08/2026 07:06,10.23,5.922,1.6436,5.81,113.299,243.06,0
290,N2-M2n4,09/08/2026 05:47,8.039,3.679,1.2383,3.162,140.764,100.15,0
289,N1N2-M1n3,09/08/2026 04:29,10.251,6.111,1.6228,6.028,116.905,226.24,0
288,N2-M2n4,09/08/2026 03:08,7.754,3.618,1.2081,3.172,138.445,97,0
287,N1N2-M1n3,09/08/2026 01:51,10.28,6.028,1.6125,5.945,115.316,223.58,0
286,N2-M2n4,09/08/2026 00:22,7.796,3.873,1.1625,3.241,148.175,91.99,0
285,N1N2-M1n3,08/08/2026 23:11,10.423,5.712,1.6631,5.601,109.266,215.8,0
284,N2-M2n4,08/08/2026 21:50,6.846,3.644,1.1589,3.212,139.43,90.16,0
283,N1N2-M1n3,08/08/2026 20:33,10.39,6.025,1.6247,5.908,115.263,216.19,0
282,N2-M2n4,08/08/2026 18:20,5.538,3.611,1.3917,3.195,138.154,80.49,0
281,N1N2-M1n3,08/08/2026 17:12,9.129,5.837,2.3339,5.54,111.663,207.21,0
279,N1N2-M1n3,08/08/2026 14:25,9.352,5.814,1.775,5.55,111.233,203.96,0
278,N2-M2n4,08/08/2026 12:50,5.978,3.444,1.185,2.668,131.787,87.57,0
277,N1N2-M1n3,08/08/2026 11:41,10.225,5.681,1.7333,5.455,108.678,214.77,0
276,N2-M2n4,08/08/2026 10:13,7.465,3.402,1.2397,2.738,130.161,94.29,0
275,N1N2-M1n3,08/08/2026 08:58,10.179,5.554,1.7039,5.38,106.252,226.8,0
274,N2-M2n4,08/08/2026 07:12,7.217,4.059,1.2417,3.085,155.289,94.48,0
273,N1N2-M1n3,08/08/2026 05:42,10.085,5.952,1.7025,5.888,113.858,232.59,0
272,N2-M2n4,08/08/2026 04:30,7.841,3.494,1.2389,3.157,133.693,100.36,0
271,N1N2-M1n3,08/08/2026 03:01,10.259,5.994,1.6711,5.924,114.66,224.3,0
270,N2-M2n4,08/08/2026 01:49,7.834,3.872,1.2033,3.573,148.129,96.16,0
269,N1N2-M1n3,08/08/2026 00:23,10.43,6.126,1.6364,6.048,117.192,223.13,0
268,N2-M2n4,07/08/2026 23:09,7.342,3.613,1.2394,3.263,138.23,95.1,0
267,N1N2-M1n3,07/08/2026 21:44,10.081,6.047,1.6433,5.958,115.682,231.77,0
266,N2-M2n4,07/08/2026 20:26,7.057,3.904,1.1442,3.547,149.38,89.05,0
265,N1N2-M1n3,07/08/2026 19:02,9.526,6.146,1.6886,6.02,117.582,213.44,0
264,N2-M2n4,07/08/2026 17:22,5.33,3.393,1.1175,3.031,129.826,83.01,0
263,N1N2-M1n3,07/08/2026 16:16,8.525,5.539,1.7578,5.252,105.963,200.46,147.603
262,N2-M2n4,07/08/2026 14:31,5.457,3.001,1.2492,2.284,114.839,80.26,119.082
261,N1N2-M1n3,07/08/2026 13:18,8.664,5.825,1.9686,5.595,111.433,209.95,229.157
260,N2-M2n4,07/08/2026 12:00,6.374,3.461,1.5117,3.154,132.431,118.49,132.022
259,N1N2-M1n3,07/08/2026 10:17,10.18,5.469,1.9897,5.313,104.625,214.21,230.463
258,N2-M2n4,07/08/2026 09:06,7.061,3.408,1.3408,3.155,130.396,95.93,149.218
257,N1N2-M1n3,07/08/2026 07:32,9.878,5.803,1.7514,5.729,111.005,247.78,256.996
256,N2-M2n4,07/08/2026 06:15,7.391,3.518,1.2386,3.247,134.598,94.4,144.776
255,N1N2-M1n3,07/08/2026 04:53,11.19,6.461,1.6317,6.304,123.596,236.08,235.88
254,N2-M2n4,07/08/2026 03:30,7.664,3.35,1.6153,3.207,128.189,179.49,156.399
253,N1N2-M1n3,07/08/2026 01:42,10.41,5.621,1.6433,5.539,107.531,228.78,232.551
252,N2-M2n4,07/08/2026 00:06,7.595,3.883,1.4439,3.419,148.557,146.68,152.915
251,N1N2-M1n3,06/08/2026 22:45,10.141,5.987,1.9436,5.897,114.542,225.27,232.411
250,N2-M2n4,06/08/2026 21:19,7.227,3.931,1.1342,2.814,150.397,86.79,131.599
249,N1N2-M1n3,06/08/2026 20:04,9.905,5.952,1.6742,5.841,113.858,213.89,212.959
248,N2-M2n4,06/08/2026 18:28,4.869,3.188,1.5883,2.905,121.964,88.18,128.001
247,N1N2-M1n3,06/08/2026 16:21,8.444,5.623,2.7094,5.426,107.566,207.09,0
246,N2-M2n4,05/08/2026 12:55,6.112,3.287,1.1747,2.491,125.747,77.95,72.761
245,N1N2-M1n3,05/08/2026 11:44,9.447,5.596,1.8733,5.422,107.064,250.36,147.368
244,N2-M2n4,05/08/2026 10:30,6.549,3.694,1.1739,3.139,141.345,273.35,88.961
243,N1N2-M1n3,05/08/2026 09:02,9.324,5.679,1.7019,5.546,108.652,32.55,158.695
242,N2-M2n4,05/08/2026 07:18,6.731,3.396,1.2389,2.963,129.929,274.25,76.712
241,N1N2-M1n3,05/08/2026 05:47,9.917,5.747,1.7208,5.675,109.944,32.71,153.342
240,N2-M2n4,05/08/2026 04:34,6.991,3.383,1.2436,2.965,129.421,146.3,76.864
239,N1N2-M1n3,05/08/2026 01:05,9.608,5.736,3.7008,5.563,109.737,294.53,239.583
238,N2-M2n4,05/08/2026 00:00,6.796,3.312,1.2886,2.796,126.721,18.06,76.458
237,N1N2-M1n3,04/08/2026 22:04,10.061,5.737,1.8389,5.629,109.755,160.8,139.072
236,N2-M2n4,04/08/2026 20:34,6.807,3.324,1.2386,2.755,127.191,145.95,74.168
235,N1N2-M1n3,04/08/2026 19:22,10.209,5.528,1.6933,5.413,105.745,159,142.459
234,N2-M2n4,04/08/2026 17:57,6.407,2.875,1.2403,2.154,109.988,17.95,79.33
233,N1N2-M1n3,04/08/2026 16:40,7.951,5.746,1.6892,5.564,109.927,288.2,143.885
228,N2-M2n4,04/08/2026 08:20,5.944,2.893,1.5269,2.006,110.677,180.5,104.581
227,N1N2-M1n3,04/08/2026 06:04,9.129,4.75,2.6989,4.566,90.864,167.42,163.142
226,N2-M2n4,04/08/2026 04:29,6.643,3.043,1.2006,2.733,116.424,145.7,84.885
225,N1N2-M1n3,04/08/2026 02:25,9.43,5.439,2.6447,5.334,104.041,289.08,181.027
223,N1N2-M1n3,03/08/2026 22:23,8.96,6.011,3.0183,5.937,114.993,289.12,160.831
222,N2-M2n4,03/08/2026 20:39,6.324,2.89,1.2281,2.661,110.563,145.55,82.457
221,N1N2-M1n3,03/08/2026 19:30,7.389,6.204,1.7219,6.181,118.693,159.15,149.738
220,N2-M2n4,03/08/2026 17:51,4.641,3.73,1.4292,2.791,141.27,148.05,87.715
219,N1N2-M1n3,03/08/2026 15:08,8.635,6.478,3.3667,4.295,125.189,82.72,101.512
218,N2-M2n4,03/08/2026 13:26,5.223,3.758,1.2408,2.793,142.233,17.45,72.832
217,N1N2-M1n3,03/08/2026 12:08,9.369,5.892,1.9853,5.023,122.64,289.4,199.129
216,N2-M2n4,03/08/2026 10:28,6.35,3.555,1.2969,2.76,135.999,18.6,88.906
215,N1N2-M1n3,03/08/2026 09:12,9.326,5.7,1.8342,4.964,122.064,289.05,201.026
214,N2-M2n4,03/08/2026 07:37,6.568,3.541,1.4958,2.76,135.497,148.35,99.856
213,N1N2-M1n3,03/08/2026 06:27,8.987,5.651,1.7539,4.981,121.743,159.85,173.67
212,N2-M2n4,03/08/2026 04:53,6.958,3.547,1.4419,2.761,135.727,148.05,95.815
211,N1N2-M1n3,03/08/2026 03:43,9.677,5.632,1.7239,4.988,121.623,160.01,175.952
210,N2-M2n4,03/08/2026 02:09,6.91,3.545,1.4833,2.761,135.623,148.4,99.487
209,N1N2-M1n3,03/08/2026 00:53,8.999,5.694,1.8231,4.967,122.019,288.16,177.909
